Template	CollectionDate	Mount	Position	SoilStatus	Profile	Set
JVN001	11-05-2020	1	Top	Fresh	NonDnaseVirome	Temporal
JVN002	11-05-2020	1	Bottom	Fresh	NonDnaseVirome	Temporal
JVN003	11-05-2020	2	Top	Fresh	NonDnaseVirome	Temporal
JVN004	11-05-2020	2	Bottom	Fresh	NonDnaseVirome	Temporal
JVN005	11-05-2020	3	Top	Fresh	NonDnaseVirome	Temporal
JVN006	11-05-2020	3	Bottom	Fresh	NonDnaseVirome	Temporal
JVN007	11-05-2020	4	Top	Fresh	NonDnaseVirome	Temporal
JVN008	11-05-2020	4	Bottom	Fresh	NonDnaseVirome	Temporal
JVN009	11-12-2020	1	Top	Fresh	NonDnaseVirome	Temporal
JVN010	11-12-2020	1	Bottom	Fresh	NonDnaseVirome	Temporal
JVN011	11-12-2020	2	Top	Fresh	NonDnaseVirome	Temporal
JVN012	11-12-2020	2	Bottom	Fresh	NonDnaseVirome	Temporal
JVN013	11-12-2020	3	Top	Fresh	NonDnaseVirome	Temporal
JVN014	11-12-2020	3	Bottom	Fresh	NonDnaseVirome	Temporal
JVN015	11-12-2020	4	Top	Fresh	NonDnaseVirome	Temporal
JVN016	11-12-2020	4	Bottom	Fresh	NonDnaseVirome	Temporal
JVN017	11-20-2020	1	Top	Fresh	NonDnaseVirome	Temporal
JVN018	11-20-2020	1	Bottom	Fresh	NonDnaseVirome	Temporal
JVN019	11-20-2020	2	Top	Fresh	NonDnaseVirome	Temporal
JVN020	11-20-2020	2	Bottom	Fresh	NonDnaseVirome	Temporal
JVN021	11-20-2020	3	Top	Fresh	NonDnaseVirome	Temporal
JVN022	11-20-2020	3	Bottom	Fresh	NonDnaseVirome	Temporal
JVN023	11-20-2020	4	Top	Fresh	NonDnaseVirome	Temporal
JVN024	11-20-2020	4	Bottom	Fresh	NonDnaseVirome	Temporal
JVN025	11-26-2020	1	Top	Fresh	NonDnaseVirome	Temporal
JVN026	11-26-2020	1	Bottom	Fresh	NonDnaseVirome	Temporal
JVN027	11-26-2020	2	Top	Fresh	NonDnaseVirome	Temporal
JVN028	11-26-2020	2	Bottom	Fresh	NonDnaseVirome	Temporal
JVN029	11-26-2020	3	Top	Fresh	NonDnaseVirome	Temporal
JVN030	11-26-2020	3	Bottom	Fresh	NonDnaseVirome	Temporal
JVN031	11-26-2020	4	Top	Fresh	NonDnaseVirome	Temporal
JVN032	11-26-2020	4	Bottom	Fresh	NonDnaseVirome	Temporal
JVN033	12-11-2020	1	Top	Fresh	NonDnaseVirome	Temporal
JVN034	12-11-2020	1	Bottom	Fresh	NonDnaseVirome	Temporal
JVN035	12-11-2020	2	Top	Fresh	NonDnaseVirome	Temporal
JVN036	12-11-2020	2	Bottom	Fresh	NonDnaseVirome	Temporal
JVN037	12-11-2020	3	Top	Fresh	NonDnaseVirome	Temporal
JVN038	12-11-2020	3	Bottom	Fresh	NonDnaseVirome	Temporal
JVN039	12-11-2020	4	Top	Fresh	NonDnaseVirome	Temporal
JVN040	12-11-2020	4	Bottom	Fresh	NonDnaseVirome	Temporal
JVN041	12-14-2020	1	Top	Fresh	NonDnaseVirome	Temporal
JVN042	12-14-2020	1	Bottom	Fresh	NonDnaseVirome	Temporal
JVN043	12-14-2020	2	Top	Fresh	NonDnaseVirome	Temporal
JVN044	12-14-2020	2	Bottom	Fresh	NonDnaseVirome	Temporal
JVN045	12-14-2020	3	Top	Fresh	NonDnaseVirome	Temporal
JVN046	12-14-2020	3	Bottom	Fresh	NonDnaseVirome	Temporal
JVN047	12-14-2020	4	Top	Fresh	NonDnaseVirome	Temporal
JVN048	12-14-2020	4	Bottom	Fresh	NonDnaseVirome	Temporal
JVN049	12-21-2020	1	Top	Fresh	NonDnaseVirome	Temporal
JVN050	12-21-2020	1	Bottom	Fresh	NonDnaseVirome	Temporal
JVN051	12-21-2020	2	Top	Fresh	NonDnaseVirome	Temporal
JVN052	12-21-2020	2	Bottom	Fresh	NonDnaseVirome	Temporal
JVN053	12-21-2020	3	Top	Fresh	NonDnaseVirome	Temporal
JVN054	12-21-2020	3	Bottom	Fresh	NonDnaseVirome	Temporal
JVN055	12-21-2020	4	Top	Fresh	NonDnaseVirome	Temporal
JVN056	12-21-2020	4	Bottom	Fresh	NonDnaseVirome	Temporal
JVN057	12-28-2020	1	Top	Fresh	NonDnaseVirome	Temporal
JVN058	12-28-2020	1	Bottom	Fresh	NonDnaseVirome	Temporal
JVN059	12-28-2020	2	Top	Fresh	NonDnaseVirome	Temporal
JVN060	12-28-2020	2	Bottom	Fresh	NonDnaseVirome	Temporal
JVN061	12-28-2020	3	Top	Fresh	NonDnaseVirome	Temporal
JVN062	12-28-2020	3	Bottom	Fresh	NonDnaseVirome	Temporal
JVN063	12-28-2020	4	Top	Fresh	NonDnaseVirome	Temporal
JVN064	12-28-2020	4	Bottom	Fresh	NonDnaseVirome	Temporal
JVN065	01-04-2021	1	Top	Fresh	NonDnaseVirome	Temporal
JVN066	01-04-2021	1	Bottom	Fresh	NonDnaseVirome	Temporal
JVN067	01-04-2021	2	Top	Fresh	NonDnaseVirome	Temporal
JVN068	01-04-2021	2	Bottom	Fresh	NonDnaseVirome	Temporal
JVN069	01-04-2021	3	Top	Fresh	NonDnaseVirome	Temporal
JVN070	01-04-2021	3	Bottom	Fresh	NonDnaseVirome	Temporal
JVN071	01-04-2021	4	Top	Fresh	NonDnaseVirome	Temporal
JVN072	01-04-2021	4	Bottom	Fresh	NonDnaseVirome	Temporal
JVN073	01-17-2021	1	Top	Frozen	NonDnaseVirome	Temporal
JVN074	01-17-2021	1	Bottom	Frozen	NonDnaseVirome	Temporal
JVN075	01-17-2021	2	Top	Frozen	NonDnaseVirome	Temporal
JVN076	01-17-2021	2	Bottom	Frozen	NonDnaseVirome	Temporal
JVN077	01-17-2021	3	Top	Frozen	NonDnaseVirome	Temporal
JVN078	01-17-2021	3	Bottom	Frozen	NonDnaseVirome	Temporal
JVN079	01-17-2021	4	Top	Frozen	NonDnaseVirome	Temporal
JVN080	01-17-2021	4	Bottom	Frozen	NonDnaseVirome	Temporal
JVN081	01-30-2021	1	Top	Frozen	NonDnaseVirome	Temporal
JVN082	01-30-2021	1	Bottom	Frozen	NonDnaseVirome	Temporal
JVN083	01-30-2021	2	Top	Frozen	NonDnaseVirome	Temporal
JVN084	01-30-2021	2	Bottom	Frozen	NonDnaseVirome	Temporal
JVN085	01-30-2021	3	Top	Frozen	NonDnaseVirome	Temporal
JVN086	01-30-2021	3	Bottom	Frozen	NonDnaseVirome	Temporal
JVN087	01-30-2021	4	Top	Frozen	NonDnaseVirome	Temporal
JVN088	01-30-2021	4	Bottom	Frozen	NonDnaseVirome	Temporal
JVN089	02-14-2021	1	Top	Frozen	NonDnaseVirome	Temporal
JVN090	02-14-2021	1	Bottom	Frozen	NonDnaseVirome	Temporal
JVN091	02-14-2021	2	Top	Frozen	NonDnaseVirome	Temporal
JVN092	02-14-2021	2	Bottom	Frozen	NonDnaseVirome	Temporal
JVN093	02-14-2021	3	Top	Frozen	NonDnaseVirome	Temporal
JVN094	02-14-2021	3	Bottom	Frozen	NonDnaseVirome	Temporal
JVN095	02-14-2021	4	Top	Frozen	NonDnaseVirome	Temporal
JVN096	02-14-2021	4	Bottom	Frozen	NonDnaseVirome	Temporal
JVN097	02-28-2021	1	Top	Frozen	NonDnaseVirome	Temporal
JVN098	02-28-2021	1	Bottom	Frozen	NonDnaseVirome	Temporal
JVN099	02-28-2021	2	Top	Frozen	NonDnaseVirome	Temporal
JVN100	02-28-2021	2	Bottom	Frozen	NonDnaseVirome	Temporal
JVN101	02-28-2021	3	Top	Frozen	NonDnaseVirome	Temporal
JVN102	02-28-2021	3	Bottom	Frozen	NonDnaseVirome	Temporal
JVN103	02-28-2021	4	Top	Frozen	NonDnaseVirome	Temporal
JVN104	02-28-2021	4	Bottom	Frozen	NonDnaseVirome	Temporal
JVN105	03-16-2021	1	Top	Frozen	NonDnaseVirome	Temporal
JVN106	03-16-2021	1	Bottom	Frozen	NonDnaseVirome	Temporal
JVN107	03-16-2021	2	Top	Frozen	NonDnaseVirome	Temporal
JVN108	03-16-2021	2	Bottom	Frozen	NonDnaseVirome	Temporal
JVN109	03-16-2021	3	Top	Frozen	NonDnaseVirome	Temporal
JVN110	03-16-2021	3	Bottom	Frozen	NonDnaseVirome	Temporal
JVN111	03-16-2021	4	Top	Frozen	NonDnaseVirome	Temporal
JVN112	03-16-2021	4	Bottom	Frozen	NonDnaseVirome	Temporal
JVN113	03-28-2021	1	Top	Fresh	NonDnaseVirome	Temporal
JVN114	03-28-2021	1	Bottom	Fresh	NonDnaseVirome	Temporal
JVN115	03-28-2021	2	Top	Fresh	NonDnaseVirome	Temporal
JVN116	03-28-2021	2	Bottom	Fresh	NonDnaseVirome	Temporal
JVN117	03-28-2021	3	Top	Fresh	NonDnaseVirome	Temporal
JVN118	03-28-2021	3	Bottom	Fresh	NonDnaseVirome	Temporal
JVN119	03-28-2021	4	Top	Fresh	NonDnaseVirome	Temporal
JVN120	03-28-2021	4	Bottom	Fresh	NonDnaseVirome	Temporal
JVN121	04-04-2021	1	Top	Fresh	NonDnaseVirome	Temporal
JVN122	04-04-2021	1	Bottom	Fresh	NonDnaseVirome	Temporal
JVN123	04-04-2021	2	Top	Fresh	NonDnaseVirome	Temporal
JVN124	04-04-2021	2	Bottom	Fresh	NonDnaseVirome	Temporal
JVN125	04-04-2021	3	Top	Fresh	NonDnaseVirome	Temporal
JVN126	04-04-2021	3	Bottom	Fresh	NonDnaseVirome	Temporal
JVN127	04-04-2021	4	Top	Fresh	NonDnaseVirome	Temporal
JVN128	04-04-2021	4	Bottom	Fresh	NonDnaseVirome	Temporal
JVN129	04-11-2021	1	Top	Fresh	NonDnaseVirome	Temporal
JVN130	04-11-2021	1	Bottom	Fresh	NonDnaseVirome	Temporal
JVN131	04-11-2021	2	Top	Fresh	NonDnaseVirome	Temporal
JVN132	04-11-2021	2	Bottom	Fresh	NonDnaseVirome	Temporal
JVN133	04-11-2021	3	Top	Fresh	NonDnaseVirome	Temporal
JVN134	04-11-2021	3	Bottom	Fresh	NonDnaseVirome	Temporal
JVN135	04-11-2021	4	Top	Fresh	NonDnaseVirome	Temporal
JVN136	04-11-2021	4	Bottom	Fresh	NonDnaseVirome	Temporal
JVN137	04-18-2021	1	Top	Fresh	NonDnaseVirome	Temporal
JVN138	04-18-2021	1	Bottom	Fresh	NonDnaseVirome	Temporal
JVN139	04-18-2021	2	Top	Fresh	NonDnaseVirome	Temporal
JVN140	04-18-2021	2	Bottom	Fresh	NonDnaseVirome	Temporal
JVN141	04-18-2021	3	Top	Fresh	NonDnaseVirome	Temporal
JVN142	04-18-2021	3	Bottom	Fresh	NonDnaseVirome	Temporal
JVN143	04-18-2021	4	Top	Fresh	NonDnaseVirome	Temporal
JVN144	04-18-2021	4	Bottom	Fresh	NonDnaseVirome	Temporal
JVN145	05-04-2021	1	Top	Fresh	NonDnaseVirome	Temporal
JVN146	05-04-2021	1	Bottom	Fresh	NonDnaseVirome	Temporal
JVN147	05-04-2021	2	Top	Fresh	NonDnaseVirome	Temporal
JVN148	05-04-2021	2	Bottom	Fresh	NonDnaseVirome	Temporal
JVN149	05-04-2021	3	Top	Fresh	NonDnaseVirome	Temporal
JVN150	05-04-2021	3	Bottom	Fresh	NonDnaseVirome	Temporal
JVN151	05-04-2021	4	Top	Fresh	NonDnaseVirome	Temporal
JVN152	05-04-2021	4	Bottom	Fresh	NonDnaseVirome	Temporal
JVN153	05-24-2021	1	Top	Fresh	NonDnaseVirome	Temporal
JVN154	05-24-2021	1	Bottom	Fresh	NonDnaseVirome	Temporal
JVN155	05-24-2021	2	Top	Fresh	NonDnaseVirome	Temporal
JVN156	05-24-2021	2	Bottom	Fresh	NonDnaseVirome	Temporal
JVN157	05-24-2021	3	Top	Fresh	NonDnaseVirome	Temporal
JVN158	05-24-2021	3	Bottom	Fresh	NonDnaseVirome	Temporal
JVN159	05-24-2021	4	Top	Fresh	NonDnaseVirome	Temporal
JVN160	05-24-2021	4	Bottom	Fresh	NonDnaseVirome	Temporal
JVN161	06-27-2021	1	Top	Fresh	NonDnaseVirome	Temporal
JVN162	06-27-2021	1	Bottom	Fresh	NonDnaseVirome	Temporal
JVN163	06-27-2021	2	Top	Fresh	NonDnaseVirome	Temporal
JVN164	06-27-2021	2	Bottom	Fresh	NonDnaseVirome	Temporal
JVN165	06-27-2021	3	Top	Fresh	NonDnaseVirome	Temporal
JVN166	06-27-2021	3	Bottom	Fresh	NonDnaseVirome	Temporal
JVN167	06-27-2021	4	Top	Fresh	NonDnaseVirome	Temporal
JVN168	06-27-2021	4	Bottom	Fresh	NonDnaseVirome	Temporal
JVN067f	01-04-2021	2	Top	Frozen	NonDnaseVirome	Temporal
JVN068f	01-04-2021	2	Bottom	Frozen	NonDnaseVirome	Temporal
JVN069f	01-04-2021	3	Top	Frozen	NonDnaseVirome	Temporal
JVN070f	01-04-2021	3	Bottom	Frozen	NonDnaseVirome	Temporal
JVN115f	03-28-2021	2	Top	Frozen	NonDnaseVirome	Temporal
JVN116f	03-28-2021	2	Bottom	Frozen	NonDnaseVirome	Temporal
JVN117f	03-28-2021	3	Top	Frozen	NonDnaseVirome	Temporal
JVN118f	03-28-2021	3	Bottom	Frozen	NonDnaseVirome	Temporal
JVN169	07-25-2021	1	Top	Fresh	NonDnaseVirome	Temporal
JVN170	07-25-2021	1	Bottom	Fresh	NonDnaseVirome	Temporal
JVN171	07-25-2021	2	Top	Fresh	NonDnaseVirome	Temporal
JVN172	07-25-2021	2	Bottom	Fresh	NonDnaseVirome	Temporal
JVN173	07-25-2021	3	Top	Fresh	NonDnaseVirome	Temporal
JVN174	07-25-2021	3	Bottom	Fresh	NonDnaseVirome	Temporal
JVN175	07-25-2021	4	Top	Fresh	NonDnaseVirome	Temporal
JVN176	07-25-2021	4	Bottom	Fresh	NonDnaseVirome	Temporal
JVN177	08-24-2021	1	Top	Fresh	NonDnaseVirome	Temporal
JVN178	08-24-2021	1	Bottom	Fresh	NonDnaseVirome	Temporal
JVN179	08-24-2021	2	Top	Fresh	NonDnaseVirome	Temporal
JVN180	08-24-2021	2	Bottom	Fresh	NonDnaseVirome	Temporal
JVN181	08-24-2021	3	Top	Fresh	NonDnaseVirome	Temporal
JVN182	08-24-2021	3	Bottom	Fresh	NonDnaseVirome	Temporal
JVN183	08-24-2021	4	Top	Fresh	NonDnaseVirome	Temporal
JVN184	08-24-2021	4	Bottom	Fresh	NonDnaseVirome	Temporal
JVN185	09-26-2021	1	Top	Fresh	NonDnaseVirome	Temporal
JVN186	09-26-2021	1	Bottom	Fresh	NonDnaseVirome	Temporal
JVN187	09-26-2021	2	Top	Fresh	NonDnaseVirome	Temporal
JVN188	09-26-2021	2	Bottom	Fresh	NonDnaseVirome	Temporal
JVN189	09-26-2021	3	Top	Fresh	NonDnaseVirome	Temporal
JVN190	09-26-2021	3	Bottom	Fresh	NonDnaseVirome	Temporal
JVN191	09-26-2021	4	Top	Fresh	NonDnaseVirome	Temporal
JVN192	09-26-2021	4	Bottom	Fresh	NonDnaseVirome	Temporal
JVN193	10-18-2021	1	Top	Fresh	NonDnaseVirome	Temporal
JVN194	10-18-2021	1	Bottom	Fresh	NonDnaseVirome	Temporal
JVN195	10-18-2021	2	Top	Fresh	NonDnaseVirome	Temporal
JVN196	10-18-2021	2	Bottom	Fresh	NonDnaseVirome	Temporal
JVN197	10-18-2021	3	Top	Fresh	NonDnaseVirome	Temporal
JVN198	10-18-2021	3	Bottom	Fresh	NonDnaseVirome	Temporal
JVN199	10-18-2021	4	Top	Fresh	NonDnaseVirome	Temporal
JVN200	10-18-2021	4	Bottom	Fresh	NonDnaseVirome	Temporal
JVN201	10-25-2021	1	Top	Fresh	NonDnaseVirome	Temporal
JVN202	10-25-2021	1	Bottom	Fresh	NonDnaseVirome	Temporal
JVN203	10-25-2021	2	Top	Fresh	NonDnaseVirome	Temporal
JVN204	10-25-2021	2	Bottom	Fresh	NonDnaseVirome	Temporal
JVN205	10-25-2021	3	Top	Fresh	NonDnaseVirome	Temporal
JVN206	10-25-2021	3	Bottom	Fresh	NonDnaseVirome	Temporal
JVN207	10-25-2021	4	Top	Fresh	NonDnaseVirome	Temporal
JVN208	10-25-2021	4	Bottom	Fresh	NonDnaseVirome	Temporal
JVN209	12-01-2021	1	Top	Fresh	NonDnaseVirome	Temporal
JVN210	12-01-2021	1	Bottom	Fresh	NonDnaseVirome	Temporal
JVN211	12-01-2021	2	Top	Fresh	NonDnaseVirome	Temporal
JVN212	12-01-2021	2	Bottom	Fresh	NonDnaseVirome	Temporal
JVN213	12-01-2021	3	Top	Fresh	NonDnaseVirome	Temporal
JVN214	12-01-2021	3	Bottom	Fresh	NonDnaseVirome	Temporal
JVN215	12-01-2021	4	Top	Fresh	NonDnaseVirome	Temporal
JVN216	12-01-2021	4	Bottom	Fresh	NonDnaseVirome	Temporal
JVN217	01-06-2022	1	Top	Fresh	NonDnaseVirome	Temporal
JVN218	01-06-2022	1	Bottom	Fresh	NonDnaseVirome	Temporal
JVN219	01-06-2022	2	Top	Fresh	NonDnaseVirome	Temporal
JVN220	01-06-2022	2	Bottom	Fresh	NonDnaseVirome	Temporal
JVN221	01-06-2022	3	Top	Fresh	NonDnaseVirome	Temporal
JVN222	01-06-2022	3	Bottom	Fresh	NonDnaseVirome	Temporal
JVN223	01-06-2022	4	Top	Fresh	NonDnaseVirome	Temporal
JVN224	01-06-2022	4	Bottom	Fresh	NonDnaseVirome	Temporal
JVN225	02-03-2022	1	Top	Fresh	NonDnaseVirome	Temporal
JVN226	02-03-2022	1	Bottom	Fresh	NonDnaseVirome	Temporal
JVN227	02-03-2022	2	Top	Fresh	NonDnaseVirome	Temporal
JVN228	02-03-2022	2	Bottom	Fresh	NonDnaseVirome	Temporal
JVN229	02-03-2022	3	Top	Fresh	NonDnaseVirome	Temporal
JVN230	02-03-2022	3	Bottom	Fresh	NonDnaseVirome	Temporal
JVN231	02-03-2022	4	Top	Fresh	NonDnaseVirome	Temporal
JVN232	02-03-2022	4	Bottom	Fresh	NonDnaseVirome	Temporal
JTM001	11-05-2020	1	Top	Fresh	TotalDNA	Temporal
JTM002	11-05-2020	1	Bottom	Fresh	TotalDNA	Temporal
JTM003	11-05-2020	2	Top	Fresh	TotalDNA	Temporal
JTM004	11-05-2020	2	Bottom	Fresh	TotalDNA	Temporal
JTM005	11-05-2020	3	Top	Fresh	TotalDNA	Temporal
JTM006	11-05-2020	3	Bottom	Fresh	TotalDNA	Temporal
JTM007	11-05-2020	4	Top	Fresh	TotalDNA	Temporal
JTM008	11-05-2020	4	Bottom	Fresh	TotalDNA	Temporal
JTM009	11-12-2020	1	Top	Fresh	TotalDNA	Temporal
JTM010	11-12-2020	1	Bottom	Fresh	TotalDNA	Temporal
JTM011	11-12-2020	2	Top	Fresh	TotalDNA	Temporal
JTM012	11-12-2020	2	Bottom	Fresh	TotalDNA	Temporal
JTM013	11-12-2020	3	Top	Fresh	TotalDNA	Temporal
JTM014	11-12-2020	3	Bottom	Fresh	TotalDNA	Temporal
JTM015	11-12-2020	4	Top	Fresh	TotalDNA	Temporal
JTM016	11-12-2020	4	Bottom	Fresh	TotalDNA	Temporal
JTM017	11-20-2020	1	Top	Fresh	TotalDNA	Temporal
JTM018	11-20-2020	1	Bottom	Fresh	TotalDNA	Temporal
JTM019	11-20-2020	2	Top	Fresh	TotalDNA	Temporal
JTM020	11-20-2020	2	Bottom	Fresh	TotalDNA	Temporal
JTM021	11-20-2020	3	Top	Fresh	TotalDNA	Temporal
JTM022	11-20-2020	3	Bottom	Fresh	TotalDNA	Temporal
JTM023	11-20-2020	4	Top	Fresh	TotalDNA	Temporal
JTM024	11-20-2020	4	Bottom	Fresh	TotalDNA	Temporal
JTM025	11-26-2020	1	Top	Fresh	TotalDNA	Temporal
JTM026	11-26-2020	1	Bottom	Fresh	TotalDNA	Temporal
JTM027	11-26-2020	2	Top	Fresh	TotalDNA	Temporal
JTM028	11-26-2020	2	Bottom	Fresh	TotalDNA	Temporal
JTM029	11-26-2020	3	Top	Fresh	TotalDNA	Temporal
JTM030	11-26-2020	3	Bottom	Fresh	TotalDNA	Temporal
JTM031	11-26-2020	4	Top	Fresh	TotalDNA	Temporal
JTM032	11-26-2020	4	Bottom	Fresh	TotalDNA	Temporal
JTM033	12-11-2020	1	Top	Fresh	TotalDNA	Temporal
JTM034	12-11-2020	1	Bottom	Fresh	TotalDNA	Temporal
JTM035	12-11-2020	2	Top	Fresh	TotalDNA	Temporal
JTM036	12-11-2020	2	Bottom	Fresh	TotalDNA	Temporal
JTM037	12-11-2020	3	Top	Fresh	TotalDNA	Temporal
JTM038	12-11-2020	3	Bottom	Fresh	TotalDNA	Temporal
JTM039	12-11-2020	4	Top	Fresh	TotalDNA	Temporal
JTM040	12-11-2020	4	Bottom	Fresh	TotalDNA	Temporal
JTM041	12-14-2020	1	Top	Fresh	TotalDNA	Temporal
JTM042	12-14-2020	1	Bottom	Fresh	TotalDNA	Temporal
JTM043	12-14-2020	2	Top	Fresh	TotalDNA	Temporal
JTM044	12-14-2020	2	Bottom	Fresh	TotalDNA	Temporal
JTM045	12-14-2020	3	Top	Fresh	TotalDNA	Temporal
JTM046	12-14-2020	3	Bottom	Fresh	TotalDNA	Temporal
JTM047	12-14-2020	4	Top	Fresh	TotalDNA	Temporal
JTM048	12-14-2020	4	Bottom	Fresh	TotalDNA	Temporal
JTM049	12-21-2020	1	Top	Fresh	TotalDNA	Temporal
JTM050	12-21-2020	1	Bottom	Fresh	TotalDNA	Temporal
JTM051	12-21-2020	2	Top	Fresh	TotalDNA	Temporal
JTM052	12-21-2020	2	Bottom	Fresh	TotalDNA	Temporal
JTM053	12-21-2020	3	Top	Fresh	TotalDNA	Temporal
JTM054	12-21-2020	3	Bottom	Fresh	TotalDNA	Temporal
JTM055	12-21-2020	4	Top	Fresh	TotalDNA	Temporal
JTM056	12-21-2020	4	Bottom	Fresh	TotalDNA	Temporal
JTM057	12-28-2020	1	Top	Fresh	TotalDNA	Temporal
JTM058	12-28-2020	1	Bottom	Fresh	TotalDNA	Temporal
JTM059	12-28-2020	2	Top	Fresh	TotalDNA	Temporal
JTM060	12-28-2020	2	Bottom	Fresh	TotalDNA	Temporal
JTM061	12-28-2020	3	Top	Fresh	TotalDNA	Temporal
JTM062	12-28-2020	3	Bottom	Fresh	TotalDNA	Temporal
JTM063	12-28-2020	4	Top	Fresh	TotalDNA	Temporal
JTM064	12-28-2020	4	Bottom	Fresh	TotalDNA	Temporal
JTM065	01-04-2021	1	Top	Fresh	TotalDNA	Temporal
JTM066	01-04-2021	1	Bottom	Fresh	TotalDNA	Temporal
JTM067	01-04-2021	2	Top	Fresh	TotalDNA	Temporal
JTM068	01-04-2021	2	Bottom	Fresh	TotalDNA	Temporal
JTM069	01-04-2021	3	Top	Fresh	TotalDNA	Temporal
JTM070	01-04-2021	3	Bottom	Fresh	TotalDNA	Temporal
JTM071	01-04-2021	4	Top	Fresh	TotalDNA	Temporal
JTM072	01-04-2021	4	Bottom	Fresh	TotalDNA	Temporal
JTM073	01-17-2021	1	Top	Fresh	TotalDNA	Temporal
JTM074	01-17-2021	1	Bottom	Fresh	TotalDNA	Temporal
JTM075	01-17-2021	2	Top	Fresh	TotalDNA	Temporal
JTM076	01-17-2021	2	Bottom	Fresh	TotalDNA	Temporal
JTM077	01-17-2021	3	Top	Fresh	TotalDNA	Temporal
JTM078	01-17-2021	3	Bottom	Fresh	TotalDNA	Temporal
JTM079	01-17-2021	4	Top	Fresh	TotalDNA	Temporal
JTM080	01-17-2021	4	Bottom	Fresh	TotalDNA	Temporal
JTM081	01-30-2021	1	Top	Fresh	TotalDNA	Temporal
JTM082	01-30-2021	1	Bottom	Fresh	TotalDNA	Temporal
JTM083	01-30-2021	2	Top	Fresh	TotalDNA	Temporal
JTM084	01-30-2021	2	Bottom	Fresh	TotalDNA	Temporal
JTM085	01-30-2021	3	Top	Fresh	TotalDNA	Temporal
JTM086	01-30-2021	3	Bottom	Fresh	TotalDNA	Temporal
JTM087	01-30-2021	4	Top	Fresh	TotalDNA	Temporal
JTM088	01-30-2021	4	Bottom	Fresh	TotalDNA	Temporal
JTM089	02-14-2021	1	Top	Fresh	TotalDNA	Temporal
JTM090	02-14-2021	1	Bottom	Fresh	TotalDNA	Temporal
JTM091	02-14-2021	2	Top	Fresh	TotalDNA	Temporal
JTM092	02-14-2021	2	Bottom	Fresh	TotalDNA	Temporal
JTM093	02-14-2021	3	Top	Fresh	TotalDNA	Temporal
JTM094	02-14-2021	3	Bottom	Fresh	TotalDNA	Temporal
JTM095	02-14-2021	4	Top	Fresh	TotalDNA	Temporal
JTM096	02-14-2021	4	Bottom	Fresh	TotalDNA	Temporal
JTM097	02-28-2021	1	Top	Fresh	TotalDNA	Temporal
JTM098	02-28-2021	1	Bottom	Fresh	TotalDNA	Temporal
JTM099	02-28-2021	2	Top	Fresh	TotalDNA	Temporal
JTM100	02-28-2021	2	Bottom	Fresh	TotalDNA	Temporal
JTM101	02-28-2021	3	Top	Fresh	TotalDNA	Temporal
JTM102	02-28-2021	3	Bottom	Fresh	TotalDNA	Temporal
JTM103	02-28-2021	4	Top	Fresh	TotalDNA	Temporal
JTM104	02-28-2021	4	Bottom	Fresh	TotalDNA	Temporal
JTM105	03-16-2021	1	Top	Fresh	TotalDNA	Temporal
JTM106	03-16-2021	1	Bottom	Fresh	TotalDNA	Temporal
JTM107	03-16-2021	2	Top	Fresh	TotalDNA	Temporal
JTM108	03-16-2021	2	Bottom	Fresh	TotalDNA	Temporal
JTM109	03-16-2021	3	Top	Fresh	TotalDNA	Temporal
JTM110	03-16-2021	3	Bottom	Fresh	TotalDNA	Temporal
JTM111	03-16-2021	4	Top	Fresh	TotalDNA	Temporal
JTM112	03-16-2021	4	Bottom	Fresh	TotalDNA	Temporal
JTM113	03-28-2021	1	Top	Fresh	TotalDNA	Temporal
JTM114	03-28-2021	1	Bottom	Fresh	TotalDNA	Temporal
JTM115	03-28-2021	2	Top	Fresh	TotalDNA	Temporal
JTM116	03-28-2021	2	Bottom	Fresh	TotalDNA	Temporal
JTM117	03-28-2021	3	Top	Fresh	TotalDNA	Temporal
JTM118	03-28-2021	3	Bottom	Fresh	TotalDNA	Temporal
JTM119	03-28-2021	4	Top	Fresh	TotalDNA	Temporal
JTM120	03-28-2021	4	Bottom	Fresh	TotalDNA	Temporal
JTM121	04-04-2021	1	Top	Fresh	TotalDNA	Temporal
JTM122	04-04-2021	1	Bottom	Fresh	TotalDNA	Temporal
JTM123	04-04-2021	2	Top	Fresh	TotalDNA	Temporal
JTM124	04-04-2021	2	Bottom	Fresh	TotalDNA	Temporal
JTM125	04-04-2021	3	Top	Fresh	TotalDNA	Temporal
JTM126	04-04-2021	3	Bottom	Fresh	TotalDNA	Temporal
JTM127	04-04-2021	4	Top	Fresh	TotalDNA	Temporal
JTM128	04-04-2021	4	Bottom	Fresh	TotalDNA	Temporal
JTM129	04-11-2021	1	Top	Fresh	TotalDNA	Temporal
JTM130	04-11-2021	1	Bottom	Fresh	TotalDNA	Temporal
JTM131	04-11-2021	2	Top	Fresh	TotalDNA	Temporal
JTM132	04-11-2021	2	Bottom	Fresh	TotalDNA	Temporal
JTM133	04-11-2021	3	Top	Fresh	TotalDNA	Temporal
JTM134	04-11-2021	3	Bottom	Fresh	TotalDNA	Temporal
JTM135	04-11-2021	4	Top	Fresh	TotalDNA	Temporal
JTM136	04-11-2021	4	Bottom	Fresh	TotalDNA	Temporal
JTM137	04-18-2021	1	Top	Fresh	TotalDNA	Temporal
JTM138	04-18-2021	1	Bottom	Fresh	TotalDNA	Temporal
JTM139	04-18-2021	2	Top	Fresh	TotalDNA	Temporal
JTM140	04-18-2021	2	Bottom	Fresh	TotalDNA	Temporal
JTM141	04-18-2021	3	Top	Fresh	TotalDNA	Temporal
JTM142	04-18-2021	3	Bottom	Fresh	TotalDNA	Temporal
JTM143	04-18-2021	4	Top	Fresh	TotalDNA	Temporal
JTM144	04-18-2021	4	Bottom	Fresh	TotalDNA	Temporal
JTM145	05-04-2021	1	Top	Fresh	TotalDNA	Temporal
JTM146	05-04-2021	1	Bottom	Fresh	TotalDNA	Temporal
JTM147	05-04-2021	2	Top	Fresh	TotalDNA	Temporal
JTM148	05-04-2021	2	Bottom	Fresh	TotalDNA	Temporal
JTM149	05-04-2021	3	Top	Fresh	TotalDNA	Temporal
JTM150	05-04-2021	3	Bottom	Fresh	TotalDNA	Temporal
JTM151	05-04-2021	4	Top	Fresh	TotalDNA	Temporal
JTM152	05-04-2021	4	Bottom	Fresh	TotalDNA	Temporal
JTM153	05-24-2021	1	Top	Fresh	TotalDNA	Temporal
JTM154	05-24-2021	1	Bottom	Fresh	TotalDNA	Temporal
JTM155	05-24-2021	2	Top	Fresh	TotalDNA	Temporal
JTM156	05-24-2021	2	Bottom	Fresh	TotalDNA	Temporal
JTM157	05-24-2021	3	Top	Fresh	TotalDNA	Temporal
JTM158	05-24-2021	3	Bottom	Fresh	TotalDNA	Temporal
JTM159	05-24-2021	4	Top	Fresh	TotalDNA	Temporal
JTM160	05-24-2021	4	Bottom	Fresh	TotalDNA	Temporal
JTM161	06-27-2021	1	Top	Fresh	TotalDNA	Temporal
JTM162	06-27-2021	1	Bottom	Fresh	TotalDNA	Temporal
JTM163	06-27-2021	2	Top	Fresh	TotalDNA	Temporal
JTM164	06-27-2021	2	Bottom	Fresh	TotalDNA	Temporal
JTM165	06-27-2021	3	Top	Fresh	TotalDNA	Temporal
JTM166	06-27-2021	3	Bottom	Fresh	TotalDNA	Temporal
JTM167	06-27-2021	4	Top	Fresh	TotalDNA	Temporal
JTM168	06-27-2021	4	Bottom	Fresh	TotalDNA	Temporal
JTM169	07-25-2021	1	Top	Fresh	TotalDNA	Temporal
JTM170	07-25-2021	1	Bottom	Fresh	TotalDNA	Temporal
JTM171	07-25-2021	2	Top	Fresh	TotalDNA	Temporal
JTM172	07-25-2021	2	Bottom	Fresh	TotalDNA	Temporal
JTM173	07-25-2021	3	Top	Fresh	TotalDNA	Temporal
JTM174	07-25-2021	3	Bottom	Fresh	TotalDNA	Temporal
JTM175	07-25-2021	4	Top	Fresh	TotalDNA	Temporal
JTM176	07-25-2021	4	Bottom	Fresh	TotalDNA	Temporal
JTM177	08-24-2021	1	Top	Fresh	TotalDNA	Temporal
JTM178	08-24-2021	1	Bottom	Fresh	TotalDNA	Temporal
JTM179	08-24-2021	2	Top	Fresh	TotalDNA	Temporal
JTM180	08-24-2021	2	Bottom	Fresh	TotalDNA	Temporal
JTM181	08-24-2021	3	Top	Fresh	TotalDNA	Temporal
JTM182	08-24-2021	3	Bottom	Fresh	TotalDNA	Temporal
JTM183	08-24-2021	4	Top	Fresh	TotalDNA	Temporal
JTM184	08-24-2021	4	Bottom	Fresh	TotalDNA	Temporal
JTM185	09-26-2021	1	Top	Fresh	TotalDNA	Temporal
JTM186	09-26-2021	1	Bottom	Fresh	TotalDNA	Temporal
JTM187	09-26-2021	2	Top	Fresh	TotalDNA	Temporal
JTM188	09-26-2021	2	Bottom	Fresh	TotalDNA	Temporal
JTM189	09-26-2021	3	Top	Fresh	TotalDNA	Temporal
JTM190	09-26-2021	3	Bottom	Fresh	TotalDNA	Temporal
JTM191	09-26-2021	4	Top	Fresh	TotalDNA	Temporal
JTM192	09-26-2021	4	Bottom	Fresh	TotalDNA	Temporal
JTM193	10-18-2021	1	Top	Fresh	TotalDNA	Temporal
JTM194	10-18-2021	1	Bottom	Fresh	TotalDNA	Temporal
JTM195	10-18-2021	2	Top	Fresh	TotalDNA	Temporal
JTM196	10-18-2021	2	Bottom	Fresh	TotalDNA	Temporal
JTM197	10-18-2021	3	Top	Fresh	TotalDNA	Temporal
JTM198	10-18-2021	3	Bottom	Fresh	TotalDNA	Temporal
JTM199	10-18-2021	4	Top	Fresh	TotalDNA	Temporal
JTM200	10-18-2021	4	Bottom	Fresh	TotalDNA	Temporal
JTM201	10-25-2021	1	Top	Fresh	TotalDNA	Temporal
JTM202	10-25-2021	1	Bottom	Fresh	TotalDNA	Temporal
JTM203	10-25-2021	2	Top	Fresh	TotalDNA	Temporal
JTM204	10-25-2021	2	Bottom	Fresh	TotalDNA	Temporal
JTM205	10-25-2021	3	Top	Fresh	TotalDNA	Temporal
JTM206	10-25-2021	3	Bottom	Fresh	TotalDNA	Temporal
JTM207	10-25-2021	4	Top	Fresh	TotalDNA	Temporal
JTM208	10-25-2021	4	Bottom	Fresh	TotalDNA	Temporal
JTM209	12-01-2021	1	Top	Fresh	TotalDNA	Temporal
JTM210	12-01-2021	1	Bottom	Fresh	TotalDNA	Temporal
JTM211	12-01-2021	2	Top	Fresh	TotalDNA	Temporal
JTM212	12-01-2021	2	Bottom	Fresh	TotalDNA	Temporal
JTM213	12-01-2021	3	Top	Fresh	TotalDNA	Temporal
JTM214	12-01-2021	3	Bottom	Fresh	TotalDNA	Temporal
JTM215	12-01-2021	4	Top	Fresh	TotalDNA	Temporal
JTM216	12-01-2021	4	Bottom	Fresh	TotalDNA	Temporal
JTM217	01-06-2022	1	Top	Fresh	TotalDNA	Temporal
JTM218	01-06-2022	1	Bottom	Fresh	TotalDNA	Temporal
JTM219	01-06-2022	2	Top	Fresh	TotalDNA	Temporal
JTM220	01-06-2022	2	Bottom	Fresh	TotalDNA	Temporal
JTM221	01-06-2022	3	Top	Fresh	TotalDNA	Temporal
JTM222	01-06-2022	3	Bottom	Fresh	TotalDNA	Temporal
JTM223	01-06-2022	4	Top	Fresh	TotalDNA	Temporal
JTM224	01-06-2022	4	Bottom	Fresh	TotalDNA	Temporal
JTM225	02-03-2022	1	Top	Fresh	TotalDNA	Temporal
JTM226	02-03-2022	1	Bottom	Fresh	TotalDNA	Temporal
JTM227	02-03-2022	2	Top	Fresh	TotalDNA	Temporal
JTM228	02-03-2022	2	Bottom	Fresh	TotalDNA	Temporal
JTM229	02-03-2022	3	Top	Fresh	TotalDNA	Temporal
JTM230	02-03-2022	3	Bottom	Fresh	TotalDNA	Temporal
JTM231	02-03-2022	4	Top	Fresh	TotalDNA	Temporal
JTM232	02-03-2022	4	Bottom	Fresh	TotalDNA	Temporal
JTSTM01	02-06-2022	1	Top	Fresh	TotalDNA	Spatial
JTSTM02	02-06-2022	2	Top	Fresh	TotalDNA	Spatial
JTSTM03	02-06-2022	3	Top	Fresh	TotalDNA	Spatial
JTSTM04	02-06-2022	4	Top	Fresh	TotalDNA	Spatial
JTSTM05	02-06-2022	5	Top	Fresh	TotalDNA	Spatial
JTSTM06	02-06-2022	6	Top	Fresh	TotalDNA	Spatial
JTSTM07	02-06-2022	7	Top	Fresh	TotalDNA	Spatial
JTSTM08	02-06-2022	8	Top	Fresh	TotalDNA	Spatial
JTSTM09	02-06-2022	9	Top	Fresh	TotalDNA	Spatial
JTSTM10	02-06-2022	10	Top	Fresh	TotalDNA	Spatial
JTSTM11	02-06-2022	11	Top	Fresh	TotalDNA	Spatial
JTSTM12	02-06-2022	12	Top	Fresh	TotalDNA	Spatial
JTSTM13	02-06-2022	13	Top	Fresh	TotalDNA	Spatial
JTSTM14	02-06-2022	14	Top	Fresh	TotalDNA	Spatial
JTSTM15	02-06-2022	15	Top	Fresh	TotalDNA	Spatial
JTSTM16	02-06-2022	16	Top	Fresh	TotalDNA	Spatial
JTSTM17	02-06-2022	17	Top	Fresh	TotalDNA	Spatial
JTSTM18	02-06-2022	18	Top	Fresh	TotalDNA	Spatial
JTSTM19	02-06-2022	19	Top	Fresh	TotalDNA	Spatial
JTSTM20	02-06-2022	20	Top	Fresh	TotalDNA	Spatial
JTSTM21	02-06-2022	21	Top	Fresh	TotalDNA	Spatial
JTSTM22	02-06-2022	22	Top	Fresh	TotalDNA	Spatial
JTSTM23	02-06-2022	23	Top	Fresh	TotalDNA	Spatial
JTSTM24	02-06-2022	24	Top	Fresh	TotalDNA	Spatial
Blank	NA	NA	NA	NA	Blank	NA
